author,comments,downvotes,id,score,selftext,title,upvotes,subreddit,type
sterling,49,386,1rhzjd,1019,Whats the last thing each ticklemeelmo doll gets before leaving the factoryTwo test tickles ,Joke my dad loved,1405,jokes,top_day
fuzzyblackyeti,50,139,1rgt0e,383,So a man is driving home from a buisness trip He has a pretty low paying job so obviously he doesnt have the best of carsAfter a few hours of driving he drives past a monastery That kind with all the monksAnd holy tits his car breaks down right in front of the monasteryBeing a man of God he obviously figures I bet the monks will let me stay with them while my car is repaired So he goes to the front gate and knocks on the door A man in robes answersHe tells the monk his predicament and the monk being a monk lets him stay the night and even helps with repair costs for his carWhile the business man is sleeping that night he hears this strange noiseIt just perplexes him and for the life of him he cant figure out what it is He decides when he wakes up in the morning hell ask the monks about itWhen he wakes up he finds the monk who he met when his car first broke down and asks him Can you tell me what that noise I heard was last nightThe monk replies Im sorry brother I cannot tell you for you are not a monk The man accepts this He thanks the monks for their graciousness and goes about his way when he gets his car back years later he is driving on another buisness trip And wouldnt you know it his car breaks down in front of the monastery againAgain he figures he can stay the night And of course the monks let him stay and offer him the same help as beforeAnd once again during the night he hears that noise He has no idea what it could be He decides to ask the monk once again with hopes that he would trust him more this time aroundIn the morning he meets the monk again and asks Im sorry for asking again but what is that noiseThe monk replies I cannot tell you for you are not a monkThe man says Alright Ill become a monk What do I need to doThe monk replies I need you to travel the world and count every blade of grass if you truly wish to become a monkThe man swiftly accepts and leaves all of his worldly possessions behind him to travel the world on this missionHe goes to all corners of the globe counting grass bladesAfter  years he comes back to the monasteryHe gives the monk accurate numbers and the monks give him monkhoodAnd obviously the first thing he wants to do is find out what that noise was So he asks the head monkThe head monk beckons him to follow him and he doesAfter a few minutes of walking through corridors and rooms they happen upon a wooden door The man can hear the noise He gets excited The head monk hands him a brass keyHe reaches with the key to the lock and unlocks the doorThere is another door though This time iron And the monk hands him an iron keyThis happens again and againSo many types of doors and keys Every thing you could imagine Glass doors gold doors EverythingFinally they get to a door made of solid diamond The noise is louder than ever The monk hands the man the final keyHe opens the door and finally sees what has been making the noiseBut I cant tell you what it is because you arent a monk,This is my favorite joke to tell A mans car breaks down outside of a monastery,522,jokes,top_day
ThrownAwayLife,0,49,1rhgcl,77, and says to him Doc I am in total agony Every single part of my body just hurts so much The doctor asks her to give some examples and she proceeds to touch her forehead Upon doing this she screams from pain She touches her shoulders and tears appear in her eyes She reaches for her stomach and she starts jumping around due to the pain After touching her knees and being in pain again she begs the doctor if she could please stop giving him examples where it hurts she just wants a remedyThe doc looks at her for a while before coming to the conclusion Maam your fingers seem to be broken,A blonde visits her doctor,126,jokes,top_day
rolstonrye,4,23,1rh7r2,67,The first guy pipes up and says Fuck i got so drunk last night I blew chunks The second guy cuts him off nearly immediately screaming oh yeah I was so drunk I emptied my bank account at the strip club after I have no money to pay rent now The third guy laughs at both of them and said thats nothing I was so wasted last night I sold my car to a homeless guy for  cents Finally the first guy cuts them both off You guys dont understandChunks is my girlfriends golden retriever,Three guys meet in class after a superbowl sunday still super hungover from the night before,90,jokes,top_day
thesputnik,4,17,1rg9tu,51,When a plant is sad what do other plants doPhotosympathize,Biology Joke,68,jokes,top_day
srhrobhudsrh,1,23,1rgbiu,41,He walks in and sits down at the counter He reads the menu on the wall and seesHot dog Hamburger Cheeseburger Hand job He asks the lady behind the bar to come here When she does he asks her if she is the one that gives the hand job Smiling she says yes she is He says ok then do me a favor Go wash your hands and get me a fucking cheeseburger,A man walks into a bar,64,jokes,top_day
Livinglegend,1,11,1rg7ef,39,An elderly couple John and Janice go to the carnvail where John spots a helicopter ride He runs over and says to his wife Janice Ive always wanted to go on a helicopter ride and look its only ten dollars Janice then says John why would we pay money to go on a ride ten dollars is ten dollars They end up not riding and finish up walking around the carnival until they go homeA year later when the carnival comes back they go again and John sees the helicopter ride again and runs over to itHe says to Janice honey Ive wanted to go on this helicopter ride for a while now can we just goJanice says to him John Ill tell you the same I told you last year  ten dollars is ten dollarsThis happens a few more years until the pilot is tired of them bickering about it and comes up with a solution He says to John and Janice Ill take you both up for free but the catch is if anyone of you talk Ill charge ten dollars Satisfied with the compromise Janice agrees so they go up and the pilot is trying every maneuver possible to try to get them to scream or talk but without fail neither talk When they land the pilot sees Janice is no longer in the helicopter and asks John what happened to Janice John then exclaims she fell out about  minutes into the ride  well why didnt you say anything Asks the pilot And without missing a beat John says well ten dollars is ten dollars,Old couple at the carnival,50,jokes,top_day
irishpat,2,10,1rh1ci,38,He picked up the hammer and saw,Did you hear about the blind carpenter and the magic hammer,48,jokes,top_day
speedemon,0,14,1rgu6j,38,One day a teacher asks the kids in her class What do you want to be when you grow upLittle Billy I wanna be a billionaire have a beautiful bitch on my arm give her a Ferrari worth a million bucks an apartment in Copacabana a mansion in Paris a jet to travel the world a foot yacht an Infinite Visa Card and I want to make love to her three times a dayThe teacher shocked with the bad behavior of the child decides not to give importance to what he said and continues the lesson    And you NancyI wanna be Little Billys bitch ,Little Billy,52,jokes,top_day
ex,7,8,1rgdlz,30,A farmer in Maine was just finishing up a tough day in the Summer Sun He decided that after such a tough day the perfect thing he needed was a walk around his pond The blueberries were in full bloom so he decided that it was worthwhile to pick some up for breakfast the next day so he grabbed a bucketAs he approached the lake he heard some girls laughing and giggling Fortunately for the girls they saw him force and quickly retreated to the deeper waters As he noticed them he smiled to himself There were three gorgeous girls covering themselves  skinny dippers he thought to himself Were not coming out until you leave One of the girls shouted at himHe frowned and furrowed his brow Honestly I didnt come down here to see some naked girls or anything of the like I dont care if you stay in there or leave He lifted the bucket slightly Im just here to feed my pet alligator Bill ,Skinny Dippers,38,jokes,top_day
Finrodtheawesome,2,5,1rgwig,21,to mount on a wall to hang her coat She walks up to the counter with it but doesnt have a screw to mount it to the wall The checkout guy says do you want a screw for the hook She answers No but Ill blow you for that toasterA version of an old Andrew Dice Clay joke,A lady goes to the store to buy a hook,26,jokes,top_day
mysticalme,0,6,1rg98k,20,Because he can never never land ,Why is Peter Pan always flying around,26,jokes,top_day
PirateDinoAstronaut,1,12,1rhmo8,16,are standing on a hill and see heifers in the pasture belowThe young bull eagerly says Lets run down there and screw one of those cowsNo the older bull replies Lets walk down there and screw all of them,A Young Bull and an Old Bull,28,jokes,top_day
MBArceus,8,11,1rgovd,15,One stalk of corn said to the other stalk of corn Hey can I tell you somethingThe other stalk of corn said Im all ears,An even cornier joke,26,jokes,top_day
highpur,0,7,1ribo5,16,Look for fresh prints,How do you find Will Smith in the snow,23,jokes,top_day
rutroraggy,1,5,1rgrhm,14,Saw a post for a hot water heater for sale I responded and asked if it worked on cold water as well,browsing craigslist,19,jokes,top_day
laughoutloud,2,7,1rgr73,12,Once in a land far far away there lived a group of people called Trids The Trids were happy except for a giant that lived on the mountain The giant would often terrorize the TridsThe Trids tired of the giant sent a group led by the communitys minister to reason with the giant But before they could even say one word the giant kicked them down the mountain The Trids thought maybe this was because the giant was Catholic so they sent another group this time led by the local priest But alas as they approached the giant once again kicked them all down the mountainThe Trids were upset until they thought that perhaps the giant was Jewish Unfortunately no Trids were Jewish so they asked a rabbi of a different community for help The Rabbi led a group of Trids up the mountain The giant saw them coming and kicked all of them except for the Rabbi down the mountain The Rabbi knowing the giants past wondered why he alone had not been kicked down the mountain so he asked the giant The giant laughed and repliedSilly Rabbi kicks are for Trids,The Trids and the Giant,19,jokes,top_day
IronOhki,3,2,1ricnf,11,Amish drivebyAn old groaner brought to mind by current eventshttpwwwopposingviewscomisocietygunshorsepullingamishbuggyshotdeadpennsylvaniadrive As always Im so very sorry,What goes clop clop bang bang clop clop,13,jokes,top_day
hisnameisntimportant,4,7,1rgsbe,8,A onelegged man in an ass kicking contest,Who is busier than a onetoothed man in a corn eating contest,15,jokes,top_day
helloalicehello,0,0,1rinda,7,An Englishman a Scotsman an Irishman a Welshman a Latvian a Turk a German an Indian several Americans including a Hawaiian and an Alaskan an Argentinean a Dane an Australian a Slovak an Egyptian a Japanese a Moroccan a Frenchman a New Zealander a Spaniard a Russian a Guatemalan a Colombian a Pakistani a Malaysian a Croatian a Uzbek a Cypriot a Pole a Lithuanian a Chinese a Sri Lankan a Lebanese a Cayman Islander a Ugandan a Vietnamese a Korean a Uruguayan a Czech an Icelander a Mexican a Finn a Honduran a Panamanian an Andorran an Israeli a Venezuelan an Iranian a Fijian a Peruvian an Estonian a Syrian a Brazilian a Portuguese a Liechtensteiner a Mongolian a Hungarian a Canadian a Moldovan a Haitian a Norfolk Islander a Macedonian a Bolivian a Cook Islander a Tajikistani a Samoan an Armenian an Aruban an Albanian a Greenlander a Micronesian a Virgin Islander a Georgian a Bahaman a Belarusian a Cuban a Tongan a Cambodian a Canadian a Qatari an Azerbaijani a Romanian a Chilean a Jamaican a Filipino a Ukrainian a Dutchman a Ghanaian a Ecuadorian a Costa Rican a Swede a Bulgarian a Serb a Swiss a Greek a Belgian a Singaporean an Italian a Norwegian  Africans and youwalk into a fine restaurantIm sorry says the ma√Ætre d after scrutinizing the group but you cant come in here without a Thai,An Englishman a Scotsman an Irishman long joke,7,jokes,top_day
Hoofhearted,1,4,1ri8nq,11,Its alt of ctrl,My internet addiction is so bad,15,jokes,top_day
bzos,5,3,1rh509,3,httplongestjokeintheworldcom,The Longest Joke In The World,6,jokes,top_day
widestangle,3,5,1rh4s7,5,I told her to call the vet maybe they can pull some strings,So my girlfriend told me her dog ate some tampons,10,jokes,top_day
smittyballack,2,5,1rgkz9,2,Rudolph the Red Nosed Reindeer passed away today at the age of  He was struck by a  jet liner and a flock of seagulls as he flew over Barcelona Coroners say that the reindeer in Spain was hit mainly by the plane,A classic by the great Colin Mochrie,7,jokes,top_day
JamBug,1,0,1rio0d,4,COLIN Duh,What do you call a man with a colander on his head,4,jokes,top_day
Oltarus,2,2,1rhebd,4, they came to see the movie Closed for Winter,An old couple was found dead in a drive in theater,6,jokes,top_day
cookieguy,3,4,1rh4su,2,Alcohol is a solution ,Chemically Speaking,6,jokes,top_day
MrMuz,0,2,1rio3h,2,Toowet Towoo,Why do owls not mate when its raining,4,jokes,top_day
DwightAllRight,1,6,1rg8ac,0,Ba dum tss,Two drums and a cymbal fall off a cliff,6,jokes,top_day
MyKarmaKilledURDogma,0,1,1rihsp,3,At a religious revival they say STAND UP FOR JESUSAt a bikers rally they say SIT DOWN FOR CHRISTS SAKE,Whats the difference between a religious revival and a bikers rally,4,jokes,top_day
ryanknapper,0,2,1ri7h7,0,How do you breathe through that thing,What did the elephant say to the naked man,2,jokes,top_day
barrbarian,0,1,1ri6et,1,They had plans to do a little dance make a little love and get Downton out,KC amp The Sunshine Band are sad Blockbuster have closed down,2,jokes,top_day
jcardinal,1,2,1ri3u0,1,Do you smell carrots,Two snowmen are standing next to each other in a field when one looks over to the other and asks,3,jokes,top_day
Embrooks,3,9,1rgify,0,When the cops bust in They all run down to the cellar to hide They find a pile of potatoes in bags and decide to hide in a few of the empty bags nearby When the cops come downstairs they see the bags and being the crafty buggers they are decided to check them out They kicked the bag with the first guy and he yelled woof woof The cop then said ah there is only dogs in this oneThey then kicked the second bag meow meow went the criminal Ah theres only cats in this oneThey then kicked the third bag and the last criminal called out potato potatoBusted,Three criminals are in a bar,8,jokes,top_day
hydrarulz,0,7,1rii5c,0,walked into a club,A baby seal,2,jokes,top_day
BurnAtlanta,0,3,1ri3s4,0,They cut a little off before they know how big its going to be,Why Are Jews Considered Optimists,2,jokes,top_day
mdragon,2,3,1ri3he,0,Whats a skeletons least favorite gamewishbone,Came up with this on a long car ride,1,jokes,top_day
crazyeihts,1,2,1ri2yo,0,But I turned myself around,I used to be addicted to the hokey pokey,1,jokes,top_day
BillyBatts,0,5,1rhxg2,0,Ive had enough of your shit,What did the scat fetishist say to his wife before divorcing her,4,jokes,top_day
sassageflare,0,4,1riksr,0,I wasnt too disappointed that my XBone crashed and burned but I couldnt  stand the fact that the smoke was even in lowres,I had an issue with my XBone suddenly breaking amp emitting smoke,1,jokes,top_day
Amio,0,5,1rigem,0,And she is almost done her drink when she realizes the builtin straw is too short I said well thats stupid Are all the bottles like that or did you just pick the short straw,So my friend has this water bottle,2,jokes,top_day
SupremeMitchell,1,5,1rgtcy,0,but Ill need a moment of inertia ,I want to get back on the merry go round,2,jokes,top_day
ScottishBrong,2,8,1rgfk0,0,Mexicane,What do you call a person from South America with a walking assist,6,jokes,top_day
olliethestuntbum,3,9,1rhfju,0,but im afraid it might be too cheesy,i want to tell you a joke about pizza,3,jokes,top_day
chopliver,2,11,1rh726,0,Theres twenty of them,Whats the best part about fucking  year old girls,5,jokes,top_day
winkyshropshire,1,10,1rg5nm,0,Have you ever tried pulling apart a grilled cheese sandwich,Why dont you eat a girl out first thing in the morning,2,jokes,top_day
vn,0,10,1rhube,0,why else would you wish Merry Christmas to every Juan badumtss,I think Christmas is made for Mexicans only,3,jokes,top_day
sterling,49,382,1rhzjd,1020,Whats the last thing each ticklemeelmo doll gets before leaving the factoryTwo test tickles ,Joke my dad loved,1402,jokes,top_day
fuzzyblackyeti,50,135,1rgt0e,389,So a man is driving home from a buisness trip He has a pretty low paying job so obviously he doesnt have the best of carsAfter a few hours of driving he drives past a monastery That kind with all the monksAnd holy tits his car breaks down right in front of the monasteryBeing a man of God he obviously figures I bet the monks will let me stay with them while my car is repaired So he goes to the front gate and knocks on the door A man in robes answersHe tells the monk his predicament and the monk being a monk lets him stay the night and even helps with repair costs for his carWhile the business man is sleeping that night he hears this strange noiseIt just perplexes him and for the life of him he cant figure out what it is He decides when he wakes up in the morning hell ask the monks about itWhen he wakes up he finds the monk who he met when his car first broke down and asks him Can you tell me what that noise I heard was last nightThe monk replies Im sorry brother I cannot tell you for you are not a monk The man accepts this He thanks the monks for their graciousness and goes about his way when he gets his car back years later he is driving on another buisness trip And wouldnt you know it his car breaks down in front of the monastery againAgain he figures he can stay the night And of course the monks let him stay and offer him the same help as beforeAnd once again during the night he hears that noise He has no idea what it could be He decides to ask the monk once again with hopes that he would trust him more this time aroundIn the morning he meets the monk again and asks Im sorry for asking again but what is that noiseThe monk replies I cannot tell you for you are not a monkThe man says Alright Ill become a monk What do I need to doThe monk replies I need you to travel the world and count every blade of grass if you truly wish to become a monkThe man swiftly accepts and leaves all of his worldly possessions behind him to travel the world on this missionHe goes to all corners of the globe counting grass bladesAfter  years he comes back to the monasteryHe gives the monk accurate numbers and the monks give him monkhoodAnd obviously the first thing he wants to do is find out what that noise was So he asks the head monkThe head monk beckons him to follow him and he doesAfter a few minutes of walking through corridors and rooms they happen upon a wooden door The man can hear the noise He gets excited The head monk hands him a brass keyHe reaches with the key to the lock and unlocks the doorThere is another door though This time iron And the monk hands him an iron keyThis happens again and againSo many types of doors and keys Every thing you could imagine Glass doors gold doors EverythingFinally they get to a door made of solid diamond The noise is louder than ever The monk hands the man the final keyHe opens the door and finally sees what has been making the noiseBut I cant tell you what it is because you arent a monk,This is my favorite joke to tell A mans car breaks down outside of a monastery,524,jokes,top_day
ThrownAwayLife,0,49,1rhgcl,79, and says to him Doc I am in total agony Every single part of my body just hurts so much The doctor asks her to give some examples and she proceeds to touch her forehead Upon doing this she screams from pain She touches her shoulders and tears appear in her eyes She reaches for her stomach and she starts jumping around due to the pain After touching her knees and being in pain again she begs the doctor if she could please stop giving him examples where it hurts she just wants a remedyThe doc looks at her for a while before coming to the conclusion Maam your fingers seem to be broken,A blonde visits her doctor,128,jokes,top_day
rolstonrye,4,24,1rh7r2,69,The first guy pipes up and says Fuck i got so drunk last night I blew chunks The second guy cuts him off nearly immediately screaming oh yeah I was so drunk I emptied my bank account at the strip club after I have no money to pay rent now The third guy laughs at both of them and said thats nothing I was so wasted last night I sold my car to a homeless guy for  cents Finally the first guy cuts them both off You guys dont understandChunks is my girlfriends golden retriever,Three guys meet in class after a superbowl sunday still super hungover from the night before,93,jokes,top_day
thesputnik,4,16,1rg9tu,51,When a plant is sad what do other plants doPhotosympathize,Biology Joke,67,jokes,top_day
srhrobhudsrh,1,20,1rgbiu,42,He walks in and sits down at the counter He reads the menu on the wall and seesHot dog Hamburger Cheeseburger Hand job He asks the lady behind the bar to come here When she does he asks her if she is the one that gives the hand job Smiling she says yes she is He says ok then do me a favor Go wash your hands and get me a fucking cheeseburger,A man walks into a bar,62,jokes,top_day
Livinglegend,1,12,1rg7ef,39,An elderly couple John and Janice go to the carnvail where John spots a helicopter ride He runs over and says to his wife Janice Ive always wanted to go on a helicopter ride and look its only ten dollars Janice then says John why would we pay money to go on a ride ten dollars is ten dollars They end up not riding and finish up walking around the carnival until they go homeA year later when the carnival comes back they go again and John sees the helicopter ride again and runs over to itHe says to Janice honey Ive wanted to go on this helicopter ride for a while now can we just goJanice says to him John Ill tell you the same I told you last year  ten dollars is ten dollarsThis happens a few more years until the pilot is tired of them bickering about it and comes up with a solution He says to John and Janice Ill take you both up for free but the catch is if anyone of you talk Ill charge ten dollars Satisfied with the compromise Janice agrees so they go up and the pilot is trying every maneuver possible to try to get them to scream or talk but without fail neither talk When they land the pilot sees Janice is no longer in the helicopter and asks John what happened to Janice John then exclaims she fell out about  minutes into the ride  well why didnt you say anything Asks the pilot And without missing a beat John says well ten dollars is ten dollars,Old couple at the carnival,51,jokes,top_day
irishpat,2,11,1rh1ci,40,He picked up the hammer and saw,Did you hear about the blind carpenter and the magic hammer,51,jokes,top_day
ex,7,11,1rgdlz,27,A farmer in Maine was just finishing up a tough day in the Summer Sun He decided that after such a tough day the perfect thing he needed was a walk around his pond The blueberries were in full bloom so he decided that it was worthwhile to pick some up for breakfast the next day so he grabbed a bucketAs he approached the lake he heard some girls laughing and giggling Fortunately for the girls they saw him force and quickly retreated to the deeper waters As he noticed them he smiled to himself There were three gorgeous girls covering themselves  skinny dippers he thought to himself Were not coming out until you leave One of the girls shouted at himHe frowned and furrowed his brow Honestly I didnt come down here to see some naked girls or anything of the like I dont care if you stay in there or leave He lifted the bucket slightly Im just here to feed my pet alligator Bill ,Skinny Dippers,38,jokes,top_day
MBArceus,8,11,1rgovd,17,One stalk of corn said to the other stalk of corn Hey can I tell you somethingThe other stalk of corn said Im all ears,An even cornier joke,28,jokes,top_day
highpur,0,8,1ribo5,15,Look for fresh prints,How do you find Will Smith in the snow,23,jokes,top_day
laughoutloud,2,7,1rgr73,11,Once in a land far far away there lived a group of people called Trids The Trids were happy except for a giant that lived on the mountain The giant would often terrorize the TridsThe Trids tired of the giant sent a group led by the communitys minister to reason with the giant But before they could even say one word the giant kicked them down the mountain The Trids thought maybe this was because the giant was Catholic so they sent another group this time led by the local priest But alas as they approached the giant once again kicked them all down the mountainThe Trids were upset until they thought that perhaps the giant was Jewish Unfortunately no Trids were Jewish so they asked a rabbi of a different community for help The Rabbi led a group of Trids up the mountain The giant saw them coming and kicked all of them except for the Rabbi down the mountain The Rabbi knowing the giants past wondered why he alone had not been kicked down the mountain so he asked the giant The giant laughed and repliedSilly Rabbi kicks are for Trids,The Trids and the Giant,18,jokes,top_day
hisnameisntimportant,4,7,1rgsbe,7,A onelegged man in an ass kicking contest,Who is busier than a onetoothed man in a corn eating contest,14,jokes,top_day
Hoofhearted,1,2,1ri8nq,13,Its alt of ctrl,My internet addiction is so bad,15,jokes,top_day
widestangle,3,7,1rh4s7,3,I told her to call the vet maybe they can pull some strings,So my girlfriend told me her dog ate some tampons,10,jokes,top_day
cookieguy,3,3,1rh4su,3,Alcohol is a solution ,Chemically Speaking,6,jokes,top_day
ScottishBrong,2,8,1rgfk0,0,Mexicane,What do you call a person from South America with a walking assist,5,jokes,top_day
chopliver,2,10,1rh726,0,Theres twenty of them,Whats the best part about fucking  year old girls,5,jokes,top_day
winkyshropshire,1,10,1rg5nm,0,Have you ever tried pulling apart a grilled cheese sandwich,Why dont you eat a girl out first thing in the morning,3,jokes,top_day
